,delta_An,delta_An,delta_An,delta_An,delta_biomass,delta_biomass,delta_biomass,delta_biomass,delta_WUE,delta_WUE,delta_WUE,delta_WUE,delta_NUE,delta_NUE,delta_NUE,delta_NUE
,mean,median,std,count,mean,median,std,count,mean,median,std,count,mean,median,std,count
temp_bin,,,,,,,,,,,,,,,,
0,0.014757693176482014,0.01121324576138482,0.01685154110872173,1200,0.0053031068221206555,0.004258531561845476,0.009551306374214925,1200,0.02052086076231548,0.012271811603221314,0.03245633999789978,1200,0.005625307207891439,0.004418722132225279,0.006499867439741098,1200
1,0.02543039070988615,0.021330231111087228,0.028237583984340866,1200,0.009574044325322176,0.007541599193380419,0.016846342286716276,1200,0.03697963225762338,0.027351672261511473,0.05246197744796437,1200,0.009888236407135471,0.008466571316963496,0.010160390230764196,1200
2,0.029495266107205022,0.023991869289048118,0.03196332738904448,1200,0.011204104238810932,0.009312367804739291,0.018728458302342443,1200,0.04029950763866783,0.028782073295268468,0.05859451341619901,1200,0.011910920153585186,0.010121424780644865,0.012093755448601605,1200
3,0.02522045714474076,0.019677405789669797,0.028132441462300307,1200,0.0077987175643018805,0.005772266132469991,0.013826185800083,1200,0.02783342137807726,0.020251681915191895,0.03983756925050744,1200,0.01000814943597745,0.008032466190558314,0.010595136271936766,1200
4,0.011499015128471929,0.008597413184192763,0.013079477084154708,1200,0.0032693107940769657,0.0022418670321863628,0.005461617931614684,1200,0.011350555093707148,0.007613514179976213,0.017476075987851492,1200,0.004782669935177223,0.0036964487845168904,0.005148671629954748,1200
