treat_count,A_net,A_net_treated,WUE,WUE_treated,NUE,NUE_treated,biomass_index,biomass_treated
0,0.23182489848755433,0.23100027493188846,0.34316276663407325,0.34352175462977375,0.09144614774354734,0.09136194476343666,0.19189005530687897,0.19182114606752287
1,0.22846353568924654,0.2416352176910763,0.34277553538586475,0.3615825455184186,0.08911369761334499,0.09449997072859823,0.18892437503149317,0.1936109478026345
2,0.22683707622919871,0.2552834334292351,0.3419387512724078,0.3777148053524451,0.09102589901098805,0.10232634411563732,0.18859856840127945,0.19828292955339222
3,0.234868679060103,0.2819841070543596,0.3563637420003512,0.4125521602482035,0.092552809035324,0.11046885619691851,0.19599677335714505,0.21269869957603485
