metric,value
r2,0.7677536170487324
rmse,0.012601210692097912
